{
	"schedules": {
		"daily": [{
			"channels": 0,
			"Job_Name": "pesticide_mixing2",
			"job_id": 0,
			"job_type": 2,
			"status": "enabled",
			"params": "180,120,31",
			"start_cron": "1.20.*.*.*",
			"duration": 15,
			"soilsensor_preMills": 0,
			"channel_Mill": 0,
			"delaystart": false
		}, {
			"channels": 1,
			"Job_Name": "spray_all_channels",
			"job_id": 1,
			"job_type": 5,
			"status": "enabled",
			"params": "2,3,4,5,6,7,8,9,10,11,12",
			"start_cron": "21.19.*.*.*",
			"duration": 10,
			"soilsensor_preMills": 0,
			"channel_Mill": 0,
			"delaystart": false
		}, {
			"channels": 3,
			"Job_Name": "dummyJob2",
			"job_id": 2,
			"job_type": 1,
			"status": "enabled",
			"params": "NA",
			"start_cron": "2.21.*.*.*",
			"duration": 2,
			"soilsensor_preMills": 0,
			"channel_Mill": 0,
			"delaystart": false
		}, {
			"channels": 1,
			"Job_Name": "soli_auto_iirigation_local",
			"job_id": 3,
			"job_type": 4,
			"status": "disabled",
			"params": "45,80,900,300,1,0,A0,2,7,2,1",
			"start_cron": "23.8.*.*.*",
			"duration": 15,
			"soilsensor_preMills": 0,
			"channel_Mill": 0,
			"soilcurrentMillis": 1921992,
			"max_count": 0,
			"delaystart": false
		}, {
			"channels": 3,
			"Job_Name": "fertilizer_mixing",
			"job_id": 4,
			"job_type": 3,
			"status": "enabled",
			"parent_job_id": 1,
			"start_cron": "46.19.*.*.*",
			"duration": 15,
			"soilsensor_preMills": 0,
			"channel_Mill": 0,
			"delaystart": false
		}, {
			"channels": 1,
			"Job_Name": "soil_auto_irrigation_remote",
			"job_id": 5,
			"job_type": 4,
			"status": "disabled",
			"params": "45,80,900,300,1,1,A0,2,7,2,1",
			"start_cron": "37.23.*.*.*",
			"duration": 15,
			"soilsensor_preMills": 0,
			"channel_Mill": 0,
			"max_count": 0,
			"delaystart": false
		}, {
			"channels": 1,
			"Job_Name": "Temp_sensor_status",
			"job_id": 6,
			"job_type": 7,
			"status": "disabled",
			"params": "1,30",
			"start_cron": "*/2.*.*.*.*",
			"duration": 60,
			"soilsensor_preMills": 0,
			"channel_Mill": 0,
			"max_count": 0,
			"soilcurrentMillis": 1895090,
			"delaystart": false
		}, {
			"channels": 0,
			"Job_Name": "dummyJob7",
			"job_id": 7,
			"job_type": 1,
			"status": "disabled",
			"params": "60,40,67,34,1,1,1,1",
			"start_cron": "20.22.*.*.1",
			"duration": 1,
			"soilsensor_preMills": 0,
			"channel_Mill": 0,
			"delaystart": false
		}, {
			"channels": 1,
			"Job_Name": "dummyJob8",
			"job_id": 8,
			"job_type": 1,
			"status": "disabled",
			"params": "60,40,67,34,1,1,1,1",
			"start_cron": "20.22.*.*.1",
			"duration": 1,
			"soilsensor_preMills": 0,
			"channel_Mill": 0,
			"delaystart": false
		}, {
			"channels": 9,
			"Job_Name": "dummyJob9",
			"job_id": 9,
			"job_type": 1,
			"status": "disabled",
			"params": "60,40,67,34,1,1,1,1",
			"start_cron": "20.22.*.*.1",
			"duration": 15,
			"soilsensor_preMills": 0,
			"channel_Mill": 0,
			"delaystart": false
		}, {
			"channels": 10,
			"Job_Name": "dummyJob10",
			"job_id": 10,
			"job_type": 1,
			"status": "disabled",
			"params": "60,40,67,34,1,1,1,1",
			"start_cron": "20.22.*.*.1",
			"duration": 15,
			"soilsensor_preMills": 0,
			"channel_Mill": 0,
			"delaystart": false
		}, {
			"channels": 11,
			"Job_Name": "dummyJob11",
			"job_id": 11,
			"job_type": 1,
			"status": "disabled",
			"params": "60,40,67,34,1,1,1,1",
			"start_cron": "20.22.*.*.1",
			"duration": 15,
			"soilsensor_preMills": 0,
			"channel_Mill": 0,
			"delaystart": false
		}, {
			"channels": 12,
			"Job_Name": "dummyJob12",
			"job_id": 12,
			"job_type": 1,
			"status": "disabled",
			"params": "60,40,67,34,1,1,1,1",
			"start_cron": "20.22.*.*.1",
			"duration": 15,
			"soilsensor_preMills": 0,
			"channel_Mill": 0,
			"delaystart": false
		}, {
			"channels": 13,
			"Job_Name": "dummyJob13",
			"job_id": 13,
			"job_type": 1,
			"status": "disabled",
			"params": "60,40,67,34,1,1,1,1",
			"start_cron": "20.22.*.*.1",
			"duration": 15,
			"soilsensor_preMills": 0,
			"channel_Mill": 0,
			"delaystart": false
		}, {
			"channels": 0,
			"Job_Name": "water_release",
			"job_id": 14,
			"job_type": 1,
			"status": "NA",
			"params": "60,40,67,34,1,1,1,1",
			"start_cron": "20.22.*.*.1",
			"duration": 1,
			"soilsensor_preMills": 0,
			"channel_Mill": 0,
			"delaystart": false
		}, {
			"channels": 1,
			"Job_Name": "dummyJob15",
			"job_id": 15,
			"job_type": 1,
			"status": "disabled",
			"params": "60,40,67,34,1,1,1,1",
			"start_cron": "22.12.*.*.*",
			"duration": 2,
			"soilsensor_preMills": 0,
			"channel_Mill": 0,
			"delaystart": false
		}]
	}
}